{"cameraMode":{"drawMode":0,"name":"Shaded","section":"Shading Mode"},"sceneLighting":false,"audioPlay":false,"sceneViewState":{"m_AlwaysRefresh":false,"showFog":true,"showSkybox":false,"showFlares":true,"showImageEffects":true,"showParticleSystems":true,"showVisualEffectGraphs":true,"m_FxEnabled":true},"in2DMode":false,"pivot":{"x":5.237142086029053,"y":5.425084590911865,"z":0.8666696548461914},"rotation":{"x":-0.061176419258117679,"y":0.24661433696746827,"z":0.015677524730563165,"w":0.9671279788017273},"size":5.037149906158447,"orthographic":false}